#{"t_start": 1585122449.347662, "env_id": null}
r,l,t
0.3,1,6.604888
0.105,1,6.615888
0.155,1,6.627888
-0.105,1,6.639888
-0.14,1,6.652014
0.2,1,6.662887
-0.14,1,6.675886
0.3,1,6.688887
-0.195,1,6.700886
-0.065,1,6.712887
-0.035,1,6.723886
0.21,1,6.733886
0.3,1,6.744887
-0.085,1,6.754886
0.315,1,6.765886
0.115,1,6.776889
-0.25,1,6.787889
0.52,1,6.802007
0.02,1,6.813889
0.38,1,6.823889
-0.385,1,6.835886
-0.09,1,6.848885
-0.135,1,6.860887
-0.065,1,6.873885
-0.23,1,6.886885
0.245,1,6.898885
-0.275,1,6.909889
0.22,1,6.921884
0.375,1,6.933889
-0.105,1,6.944889
0.025,1,6.957886
-0.155,1,6.971889
0.23,1,6.981884
-0.09,1,6.992883
0.08,1,7.004884
-0.055,1,7.015884
-0.395,1,7.028885
0.13,1,7.039895
0.19,1,7.052885
0.055,1,7.063078
0.445,1,7.074215
-0.07,1,7.085333
0.15,1,7.097037
-1.07,1,7.110038
0.245,1,7.121037
0.2,1,7.132039
-0.275,1,7.144038
-0.235,1,7.156061
0.195,1,7.168036
-0.035,1,7.180038
0.355,1,7.193037
-0.0,1,7.204033
0.07,1,7.215053
0.045,1,7.226039
-0.26,1,7.237038
0.0,1,7.249035
0.455,1,7.262034
-0.345,1,7.275034
-0.005,1,7.28531
0.065,1,7.297038
0.365,1,7.309037
-0.14,1,7.321038
0.12,1,7.332062
-0.095,1,7.343035
-0.035,1,7.353038
0.645,1,7.364043
0.25,1,7.375035
0.25,1,7.387036
0.18,1,7.398041
-0.285,1,7.410039
0.295,1,7.422035
0.13,1,7.432036
-0.205,1,7.444035
-0.43,1,7.456034
0.36,1,7.467038
0.175,1,7.476039
0.385,1,7.488038
-0.07,1,7.499038
-0.16,1,7.510041
0.16,1,7.520035
0.095,1,7.530036
-0.245,1,7.540035
-0.005,1,7.550045
0.015,1,7.560035
-0.195,1,7.569037
0.405,1,7.580035
0.055,1,7.590038
-0.225,1,7.599036
0.14,1,7.610034
-0.055,1,7.621037
-0.255,1,7.632037
0.23,1,7.641036
0.02,1,7.650038
-0.43,1,7.662041
0.145,1,7.672037
-0.245,1,7.683053
0.09,1,7.696034
0.46,1,7.708036
0.09,1,7.719037
-0.015,1,7.730036
-0.365,1,7.741036
0.115,1,7.75205
0.025,1,7.763033
0.61,1,7.774036
-0.09,1,7.785362
0.07,1,7.796034
0.13,1,7.808036
0.16,1,7.820036
0.305,1,7.831039
-0.16,1,7.842036
0.32,1,7.854037
0.05,1,7.866037
-0.295,1,7.878036
-0.16,1,7.889037
-0.59,1,7.903034
-0.05,1,7.913036
0.08,1,7.924038
0.435,1,7.934038
0.075,1,7.946035
0.125,1,7.957036
0.03,1,7.969034
0.17,1,7.981037
0.3,1,7.992036
-0.07,1,8.004035
-0.12,1,8.015053
-0.215,1,8.026036
-0.2,1,8.038038
0.235,1,8.049037
0.07,1,9.000227
0.295,1,9.011227
-0.035,1,9.024226
-0.29,1,9.035359
-0.225,1,9.046227
-0.005,1,9.058227
0.475,1,9.070229
0.17,1,9.081231
-0.455,1,9.094227
0.05,1,9.108236
0.12,1,9.120229
0.305,1,9.132226
-0.025,1,9.143226
0.105,1,9.155227
0.125,1,9.166247
0.005,1,9.177243
0.22,1,9.187228
0.76,1,9.199229
-0.135,1,9.210227
-0.115,1,9.222227
0.26,1,9.233227
0.175,1,9.244227
-0.055,1,9.256227
0.35,1,9.267227
0.06,1,9.277241
-0.095,1,9.289227
-0.205,1,9.30023
-0.42,1,9.314227
0.29,1,9.325227
-0.04,1,9.337227
-0.105,1,9.350228
-0.39,1,9.362228
0.205,1,9.376227
0.515,1,9.390226
0.175,1,9.402228
0.105,1,9.413227
0.215,1,9.424227
0.315,1,9.435362
-0.22,1,9.446227
-0.315,1,9.459246
-0.185,1,9.471227
-0.32,1,9.482227
0.245,1,9.49323
0.305,1,9.504237
0.42,1,9.515229
0.18,1,9.528227
-0.275,1,9.540227
-0.065,1,9.551227
-0.26,1,9.563225
0.075,1,9.574225
0.025,1,9.586225
-0.195,1,9.602227
-0.19,1,9.61323
-0.015,1,9.626246
0.11,1,9.636231
0.02,1,9.648232
-0.315,1,9.660228
-0.32,1,9.672231
0.23,1,9.685343
-0.355,1,9.695227
0.13,1,9.705227
0.135,1,9.714227
0.47,1,9.725227
0.495,1,9.735327
-0.195,1,9.746228
0.04,1,9.756227
0.145,1,9.766228
0.47,1,9.776227
0.075,1,9.786227
-0.01,1,9.796227
0.095,1,9.808226
-0.0,1,9.817228
-0.175,1,9.829229
-0.095,1,9.840227
0.18,1,9.850227
0.06,1,9.861229
-0.025,1,9.871227
-0.245,1,9.883227
-0.215,1,9.895227
-0.005,1,9.906226
0.155,1,9.917227
0.685,1,9.928227
-0.16,1,9.940229
-0.045,1,9.951227
-0.075,1,9.962227
-0.185,1,9.972227
0.2,1,9.983228
0.505,1,9.993227
-0.145,1,10.003227
0.51,1,10.013227
0.495,1,10.024229
-0.225,1,10.034227
-0.035,1,10.045227
0.01,1,10.057228
0.34,1,10.068897
-0.01,1,10.080554
0.37,1,10.091112
0.375,1,10.101114
0.53,1,10.112111
0.36,1,10.123113
0.45,1,10.134113
-0.28,1,10.145113
0.025,1,10.156113
0.005,1,10.166113
0.015,1,10.177114
0.02,1,10.190114
0.17,1,10.201117
-0.31,1,10.213113
-0.015,1,10.22613
0.095,1,10.239123
0.005,1,10.253112
0.025,1,10.26511
0.265,1,10.277124
-0.04,1,10.289114
-0.27,1,10.30011
0.315,1,10.311113
-0.2,1,10.322111
-0.62,1,10.335376
0.31,1,10.346111
-0.13,1,10.357111
0.625,1,10.367115
-0.315,1,10.378112
0.105,1,10.389112
0.305,1,10.399115
-0.335,1,10.411113
-0.015,1,10.421113
-0.32,1,10.432113
-0.155,1,10.443115
0.165,1,10.849114
-0.04,1,10.859115
0.23,1,10.870113
0.13,1,10.881112
-0.395,1,10.892113
0.55,1,10.903113
0.48,1,10.913113
0.125,1,10.923113
-0.11,1,10.933113
0.03,1,10.945113
0.37,1,10.956114
0.01,1,10.965134
0.09,1,10.97813
0.015,1,10.990124
0.01,1,11.002115
0.4,1,11.014156
-0.18,1,11.025199
-0.26,1,11.037822
-0.32,1,11.047821
-0.085,1,11.059823
0.405,1,11.070823
-0.1,1,11.082821
-0.03,1,11.093823
0.385,1,11.105822
-0.27,1,11.117821
0.32,1,11.128822
-0.17,1,11.141819
0.13,1,11.152038
0.21,1,11.162822
0.225,1,11.17482
-0.2,1,11.185819
0.42,1,11.195821
0.315,1,11.208833
0.11,1,11.219831
0.275,1,11.23082
0.065,1,11.242822
0.455,1,11.254855
-0.07,1,11.266846
0.34,1,11.278821
-0.06,1,11.291855
0.37,1,11.303825
0.14,1,11.316908
-0.39,1,11.328819
0.13,1,11.341821
0.03,1,11.353822
0.17,1,11.366854
0.335,1,11.378852
-0.295,1,11.389822
0.145,1,11.402854
-0.005,1,11.413869
-0.045,1,11.427061
0.435,1,11.437794
0.16,1,11.448765
0.185,1,11.460295
-0.18,1,11.47433
0.175,1,11.486284
0.22,1,11.499283
0.375,1,11.51228
0.11,1,11.525283
-0.33,1,11.53828
-0.26,1,11.549282
0.34,1,11.560281
-0.245,1,11.571281
-0.375,1,11.58228
-0.02,1,11.592281
0.305,1,11.603281
-0.135,1,11.614281
-0.265,1,11.624281
0.055,1,11.635402
-0.045,1,11.646281
0.01,1,11.657281
-0.015,1,11.668296
0.225,1,11.680291
-0.345,1,11.691293
0.275,1,11.702294
0.115,1,11.713293
0.135,1,11.724293
-0.04,1,11.734293
0.145,1,11.744293
0.625,1,11.756293
-0.345,1,11.767294
-0.095,1,11.778295
0.5,1,11.791294
0.16,1,11.802294
0.05,1,11.813296
-0.22,1,11.826294
0.135,1,11.837293
0.135,1,11.848293
0.09,1,11.858293
-0.015,1,11.870291
0.015,1,11.880293
-0.01,1,11.893292
0.205,1,11.903309
0.075,1,11.914292
0.305,1,11.925301
0.145,1,11.937292
0.035,1,11.948293
-0.02,1,11.958293
0.085,1,11.970292
0.255,1,11.980293
0.015,1,11.992293
-0.02,1,12.003293
0.47,1,12.014291
0.035,1,12.024294
-0.1,1,12.035391
-0.085,1,12.045293
-0.17,1,12.056293
0.065,1,12.067293
0.19,1,12.078293
0.01,1,12.089293
-0.16,1,12.099296
-0.0,1,12.110293
0.235,1,12.120293
0.055,1,12.131294
0.095,1,12.143294
-0.27,1,12.155293
0.35,1,12.165293
0.255,1,12.176291
0.055,1,12.187294
-0.07,1,12.198294
0.39,1,12.2083
-0.37,1,12.219291
-0.19,1,12.230294
-0.405,1,12.242293
-0.0,1,12.253293
0.22,1,12.263292
0.25,1,12.274294
0.395,1,12.285383
0.29,1,12.708292
-0.485,1,12.721293
-0.085,1,12.732293
0.57,1,12.743293
0.155,1,12.754293
-0.045,1,12.765293
-0.075,1,12.776293
0.44,1,12.788309
0.41,1,12.799841
0.005,1,12.809996
-0.02,1,12.821991
-0.135,1,12.832992
0.54,1,12.846007
0.27,1,12.859005
-0.265,1,12.870993
-0.23,1,12.882992
0.595,1,12.895992
-0.16,1,12.906991
0.295,1,12.919993
0.17,1,12.931993
-0.61,1,12.94499
0.075,1,12.955991
0.43,1,12.966991
-0.1,1,12.977991
0.375,1,12.988003
0.255,1,12.997992
0.12,1,13.009992
-0.07,1,13.020005
-0.32,1,13.031004
-0.01,1,13.042007
-0.255,1,13.053146
-0.06,1,13.064262
0.315,1,13.075267
0.305,1,13.086267
0.1,1,13.096324
-0.345,1,13.108267
0.15,1,13.120267
-0.3,1,13.131267
0.12,1,13.142267
0.005,1,13.152293
0.33,1,13.165267
-0.575,1,13.178267
0.265,1,13.190268
-0.385,1,13.202267
-0.045,1,13.215266
0.39,1,13.226266
-0.115,1,13.237265
-0.215,1,13.248266
0.41,1,13.258281
0.115,1,13.270267
0.455,1,13.281266
0.27,1,13.293267
0.015,1,13.304265
0.045,1,13.315267
-0.285,1,13.325267
-0.12,1,13.337269
0.515,1,13.348266
0.02,1,13.358267
-0.225,1,13.370267
-0.225,1,13.382267
-0.02,1,13.393267
0.545,1,13.404267
-0.06,1,13.415269
-0.31,1,13.426267
0.045,1,13.438267
0.325,1,13.448267
0.39,1,13.460264
-0.155,1,13.471267
0.135,1,13.482268
-0.09,1,13.493267
-0.34,1,13.505269
0.18,1,13.516268
-0.205,1,13.527267
0.37,1,13.539268
0.12,1,13.552268
-0.47,1,13.563272
-0.37,1,13.575267
-0.045,1,13.588267
0.035,1,13.599269
0.34,1,13.609269
0.14,1,13.621266
-0.065,1,13.631267
0.385,1,13.64127
0.275,1,13.652268
-0.085,1,13.663266
0.105,1,13.674265
0.17,1,13.685427
-0.165,1,13.695265
0.05,1,13.707265
0.39,1,13.718267
0.075,1,13.729268
0.25,1,13.741267
-0.23,1,13.751267
0.47,1,13.762267
-0.09,1,13.773267
-0.175,1,13.784267
0.15,1,13.794264
0.49,1,13.805267
-0.205,1,13.816267
-0.195,1,13.827266
0.115,1,13.839268
-0.135,1,13.849267
0.205,1,13.860267
0.38,1,13.871267
0.27,1,13.882266
0.225,1,13.893267
0.32,1,13.903268
0.385,1,13.917265
-0.09,1,13.930265
0.27,1,13.942268
-0.21,1,13.952268
0.23,1,13.965271
0.335,1,13.97627
-0.065,1,13.989265
0.455,1,14.001266
0.075,1,14.012267
0.02,1,14.023267
0.395,1,14.034267
0.025,1,14.046265
-0.18,1,14.056267
0.255,1,14.065267
0.285,1,14.076267
-0.245,1,14.087267
-0.03,1,14.097266
-0.25,1,14.108267
-0.355,1,14.121267
-0.095,1,14.132267
0.155,1,14.14327
0.065,1,14.548872
0.545,1,14.560874
0.36,1,14.572874
0.685,1,14.584872
0.485,1,14.595874
0.585,1,14.607874
-0.405,1,14.619875
0.455,1,14.629874
-0.035,1,14.640874
0.15,1,14.652873
-0.14,1,14.662874
0.19,1,14.673874
0.345,1,14.684873
0.245,1,14.696873
-0.07,1,14.707874
0.035,1,14.719875
0.285,1,14.731875
-0.315,1,14.743874
-0.115,1,14.755874
0.385,1,14.766874
0.06,1,14.778871
0.14,1,14.791876
0.33,1,14.802874
-0.22,1,14.814878
0.11,1,14.825874
0.67,1,14.837876
0.04,1,14.848874
-0.255,1,14.858893
0.325,1,14.870873
-0.06,1,14.881874
-0.0,1,14.890874
-0.67,1,14.902872
0.22,1,14.913874
0.23,1,14.924874
-0.17,1,14.935873
-0.08,1,14.946874
-0.07,1,14.957874
-0.115,1,14.968875
-0.0,1,14.980875
0.19,1,14.992872
0.085,1,15.003874
0.235,1,15.014874
0.045,1,15.027872
-0.045,1,15.038874
-0.105,1,15.050875
-0.03,1,15.061876
0.095,1,15.074874
0.34,1,15.086881
-0.05,1,15.098876
-0.285,1,15.109889
0.235,1,15.120888
0.385,1,15.131874
0.055,1,15.141874
-0.1,1,15.152874
0.02,1,15.162881
0.255,1,15.174874
0.38,1,15.184875
0.07,1,15.196874
0.17,1,15.207873
0.25,1,15.219874
0.09,1,15.22988
-0.19,1,15.239875
0.17,1,15.252874
0.095,1,15.263876
-0.175,1,15.275874
-0.11,1,15.287874
0.56,1,15.300874
0.065,1,15.311873
-0.2,1,15.323875
0.3,1,15.334874
0.03,1,15.345874
0.275,1,15.357874
0.08,1,15.368874
0.085,1,15.379881
-0.31,1,15.390873
0.1,1,15.402091
0.07,1,15.412874
-0.21,1,15.423874
-0.34,1,15.433874
0.145,1,15.445874
0.005,1,15.456873
-0.305,1,15.466874
-0.29,1,15.477874
0.1,1,15.488874
0.58,1,15.497874
0.25,1,15.509874
0.04,1,15.519876
0.45,1,15.529874
-0.14,1,15.540874
0.5,1,15.552092
0.285,1,15.561874
0.03,1,15.571876
0.155,1,15.581876
0.085,1,15.592874
0.1,1,15.603874
0.245,1,15.614874
0.18,1,15.624892
-0.16,1,15.635874
0.015,1,15.647873
0.19,1,15.659875
0.08,1,15.670872
-0.115,1,15.680874
-0.005,1,15.691875
0.04,1,15.702874
-0.065,1,15.715899
-0.1,1,15.728874
0.135,1,15.741874
-0.035,1,15.753878
0.38,1,15.765874
-0.08,1,15.776874
-0.01,1,15.788874
0.09,1,15.800874
0.405,1,15.812874
0.095,1,15.824874
-0.13,1,15.836874
-0.295,1,15.846874
-0.42,1,15.857872
-0.145,1,15.868875
0.07,1,15.878874
-0.14,1,15.889874
0.04,1,15.899871
0.475,1,15.909874
0.165,1,15.921875
0.23,1,15.932873
-0.395,1,15.944872
-0.12,1,15.955873
0.545,1,15.965874
-0.045,1,15.975874
-0.16,1,16.378994
-0.085,1,16.389997
-0.23,1,16.401
-0.185,1,16.412999
0.055,1,16.424997
0.3,1,16.435996
0.055,1,16.446997
0.145,1,16.457997
0.15,1,16.468997
-0.025,1,16.479997
-0.255,1,16.489998
0.155,1,16.50103
0.165,1,16.511998
-0.185,1,16.524007
-0.03,1,16.535022
-0.11,1,16.546036
-0.38,1,16.559031
-0.2,1,16.570998
0.195,1,16.581997
-0.1,1,16.592997
0.325,1,16.606024
0.065,1,16.618021
-0.43,1,16.629994
-0.345,1,16.642997
0.455,1,16.653997
0.1,1,16.665995
0.33,1,16.677998
0.28,1,16.689996
-0.01,1,16.700997
0.195,1,16.714003
0.045,1,16.725998
0.175,1,16.738999
-0.035,1,16.750997
0.495,1,16.761995
-0.055,1,16.772998
-0.135,1,16.783998
0.49,1,16.795997
0.315,1,16.806997
0.2,1,16.819999
-0.09,1,16.830995
-0.17,1,16.841997
0.21,1,16.852995
0.01,1,16.864
-0.345,1,16.875997
-0.26,1,16.888207
0.435,1,16.899478
0.08,1,16.910944
-0.3,1,16.921944
-0.28,1,16.932944
0.29,1,16.943943
0.085,1,16.955947
0.145,1,16.966946
0.05,1,16.977946
0.07,1,16.989945
-0.255,1,17.002132
0.16,1,17.012945
-0.355,1,17.023945
0.03,1,17.033947
-0.075,1,17.045946
0.375,1,17.057946
-0.57,1,17.069945
0.035,1,17.080947
-0.005,1,17.093945
-0.01,1,17.105947
0.02,1,17.117945
0.04,1,17.127944
-0.085,1,17.139945
0.41,1,17.150946
-0.45,1,17.161945
-0.09,1,17.173947
-0.025,1,17.184946
0.065,1,17.198948
0.27,1,17.212945
-0.175,1,17.224947
-0.385,1,17.237965
0.44,1,17.249949
0.67,1,17.260946
-0.06,1,17.273953
0.25,1,17.284947
-0.29,1,17.294946
-0.18,1,17.306946
0.29,1,17.317944
0.7,1,17.327945
0.05,1,17.339946
0.22,1,17.349946
0.44,1,17.360947
-0.01,1,17.371945
-0.06,1,17.382945
-0.11,1,17.392988
-0.01,1,17.403946
0.28,1,17.413945
0.25,1,17.424958
0.115,1,17.435945
0.025,1,17.445946
0.22,1,17.457946
0.175,1,17.467946
0.035,1,17.479945
-0.2,1,17.490945
-0.03,1,17.502945
0.38,1,17.511947
-0.155,1,17.522945
0.23,1,17.533946
0.685,1,17.544945
0.045,1,17.555945
0.055,1,17.567945
0.215,1,17.578944
-0.215,1,17.589946
-0.28,1,17.600946
0.35,1,17.610944
0.02,1,17.621945
-0.1,1,17.632946
-0.255,1,17.643945
-0.125,1,17.654945
-0.04,1,17.664947
-0.015,1,17.676945
-0.27,1,17.688944
-0.155,1,17.700945
0.44,1,17.711948
0.135,1,17.722945
-0.08,1,17.733947
0.07,1,17.744946
-0.105,1,17.756947
0.26,1,17.768945
-0.0,1,17.780946
-0.095,1,17.793947
0.005,1,17.805944
0.01,1,17.816945
-0.055,1,17.829943
0.08,1,18.247486
0.28,1,18.279785
0.15,1,18.291785
-0.065,1,18.303788
0.025,1,18.316784
-0.14,1,18.329787
0.275,1,18.342797
0.19,1,18.355783
-0.04,1,18.367785
0.185,1,18.380785
-0.005,1,18.392784
0.135,1,18.403784
0.085,1,18.413785
-0.275,1,18.424785
0.265,1,18.434784
0.33,1,18.444786
0.095,1,18.456784
-0.11,1,18.466784
-0.17,1,18.477786
0.29,1,18.488786
0.155,1,18.497786
-0.25,1,18.508786
0.205,1,18.518835
0.28,1,18.529786
-0.195,1,18.540786
-0.005,1,18.550787
-0.075,1,18.562786
0.245,1,18.571786
0.02,1,18.582786
0.49,1,18.592785
0.215,1,18.604785
0.485,1,18.614785
0.215,1,18.625786
0.1,1,18.637784
-0.075,1,18.648786
0.02,1,18.659786
0.025,1,18.670786
0.03,1,18.681785
0.12,1,18.693786
0.55,1,18.702788
-0.015,1,18.714786
0.15,1,18.726786
0.175,1,18.738787
0.18,1,18.750791
0.105,1,18.761786
0.08,1,18.772785
-0.255,1,18.783786
-0.04,1,18.795784
0.37,1,18.807788
0.5,1,18.818813
0.2,1,18.829786
-0.04,1,18.840786
0.105,1,18.852785
0.14,1,18.864785
0.445,1,18.875786
0.125,1,18.887786
0.255,1,18.897784
0.165,1,18.909786
0.34,1,18.921787
0.255,1,18.932785
0.145,1,18.942437
0.1,1,18.953388
-0.16,1,18.96449
-0.055,1,18.975011
0.265,1,18.987009
0.53,1,18.998011
0.225,1,19.00805
-0.115,1,19.019013
-0.05,1,19.029015
0.16,1,19.040011
0.455,1,19.050011
-0.06,1,19.061012
0.5,1,19.072012
0.42,1,19.084011
0.135,1,19.096015
0.2,1,19.107011
0.18,1,19.117011
0.245,1,19.128012
0.195,1,19.138014
0.04,1,19.149014
-0.135,1,19.161016
-0.215,1,19.171945
0.34,1,19.181944
0.64,1,19.192945
0.295,1,19.204945
-0.24,1,19.214945
0.015,1,19.225945
0.11,1,19.235945
0.09,1,19.246945
-0.12,1,19.257958
0.175,1,19.268944
-0.05,1,19.278944
-0.085,1,19.289945
-0.03,1,19.300943
0.31,1,19.312951
-0.27,1,19.323945
-0.115,1,19.335539
0.12,1,19.345608
0.195,1,19.354918
-0.26,1,19.367009
0.39,1,19.380009
0.09,1,19.391009
0.005,1,19.403011
0.21,1,19.416014
-0.1,1,19.428015
0.425,1,19.43801
-0.17,1,19.450014
0.14,1,19.464011
-0.295,1,19.476013
0.305,1,19.486014
0.065,1,19.496013
-0.135,1,19.50701
0.07,1,19.51701
-0.365,1,19.52801
0.065,1,19.538009
-0.0,1,19.54801
0.025,1,19.559012
-0.19,1,19.57001
0.05,1,19.58101
0.635,1,19.59301
-0.005,1,19.60303
0.615,1,19.614425
0.05,1,19.626014
0.31,1,19.635653
0.45,1,19.646654
-0.065,1,19.656654
-0.235,1,19.666651
-0.035,1,19.67917
0.285,1,20.088766
0.145,1,20.100792
0.2,1,20.112765
-0.095,1,20.123767
-0.165,1,20.134766
0.305,1,20.145767
0.155,1,20.156767
0.595,1,20.167766
0.585,1,20.178766
0.245,1,20.189768
0.19,1,20.200767
0.215,1,20.211767
0.04,1,20.222765
0.285,1,20.233767
-0.02,1,20.246767
0.145,1,20.258767
0.53,1,20.269767
0.29,1,20.280767
0.155,1,20.291766
0.53,1,20.304765
-0.035,1,20.31777
0.105,1,20.330765
0.13,1,20.342767
-0.015,1,20.354783
-0.045,1,20.365767
0.785,1,20.376765
0.405,1,20.387769
0.33,1,20.399767
0.065,1,20.410796
0.15,1,20.421786
-0.035,1,20.432767
-0.155,1,20.445765
0.08,1,20.458769
0.355,1,20.46978
-0.03,1,20.482768
0.2,1,20.495768
0.145,1,20.507765
-0.15,1,20.520773
0.14,1,20.531786
0.655,1,20.544765
0.35,1,20.555766
0.165,1,20.565766
0.135,1,20.576766
0.235,1,20.589766
0.595,1,20.598766
0.055,1,20.609767
0.51,1,20.619768
0.12,1,20.629766
0.08,1,20.640768
-0.065,1,20.651767
0.135,1,20.66177
0.315,1,20.671768
-0.09,1,20.681771
0.535,1,20.691771
0.14,1,20.702765
0.045,1,20.713767
0.165,1,20.722767
0.675,1,20.732766
0.335,1,20.743766
0.28,1,20.755769
0.5,1,20.765772
0.48,1,20.775768
-0.125,1,20.78677
0.495,1,20.798766
0.535,1,20.810764
-0.095,1,20.82177
0.2,1,20.831769
-0.125,1,20.842768
-0.12,1,20.851768
0.315,1,20.861774
-0.28,1,20.872767
0.225,1,20.883766
-0.05,1,20.893769
0.235,1,20.903767
0.295,1,20.913767
0.355,1,20.924769
0.525,1,20.938767
0.25,1,20.947768
0.295,1,20.958765
-0.14,1,20.968798
0.03,1,20.978851
0.305,1,20.988775
0.015,1,20.998839
-0.225,1,21.009842
0.355,1,21.020842
0.195,1,21.030842
0.31,1,21.041841
0.505,1,21.052164
0.015,1,21.061842
0.55,1,21.073841
-0.32,1,21.084841
-0.2,1,21.094839
0.53,1,21.105841
0.005,1,21.114846
-0.38,1,21.126842
0.45,1,21.136842
0.525,1,21.146845
0.18,1,21.157841
0.77,1,21.170842
0.49,1,21.181844
0.43,1,21.19184
0.455,1,21.202843
0.37,1,21.213843
0.195,1,21.223842
-0.1,1,21.233845
-0.03,1,21.243845
0.64,1,21.254845
0.015,1,21.264845
0.1,1,21.274839
0.45,1,21.284841
0.56,1,21.295845
0.085,1,21.306839
0.305,1,21.318843
0.25,1,21.329844
-0.06,1,21.341841
-0.06,1,21.353842
0.26,1,21.365842
-0.03,1,21.376841
-0.09,1,21.387842
-0.225,1,21.399842
-0.695,1,21.410842
-0.055,1,21.42384
0.25,1,21.433856
0.015,1,21.44484
0.03,1,21.455842
0.13,1,21.466842
0.66,1,21.477842
0.625,1,21.488841
0.085,1,21.902841
0.315,1,21.913842
0.075,1,21.925861
0.565,1,21.938841
0.19,1,21.949844
-0.265,1,21.96284
-0.2,1,21.974846
0.255,1,21.986842
0.095,1,21.99884
0.24,1,22.01285
0.06,1,22.023853
0.14,1,22.036842
0.275,1,22.048842
0.11,1,22.06084
0.385,1,22.07384
0.125,1,22.08584
0.155,1,22.095842
0.17,1,22.109842
0.17,1,22.122844
0.12,1,22.133843
0.79,1,22.146844
0.665,1,22.157854
0.215,1,22.17084
0.34,1,22.181842
0.48,1,22.19384
0.25,1,22.20686
0.045,1,22.219841
0.36,1,22.232841
-0.21,1,22.242842
0.22,1,22.255842
0.26,1,22.266844
0.61,1,22.279845
0.19,1,22.291842
0.07,1,22.304842
0.41,1,22.316842
0.335,1,22.328294
0.225,1,22.339548
0.01,1,22.351326
0.035,1,22.362746
0.435,1,22.373748
0.485,1,22.384747
0.215,1,22.397787
-0.275,1,22.408744
-0.285,1,22.420747
0.31,1,22.430747
-0.05,1,22.442746
-0.11,1,22.453749
-0.575,1,22.465745
-0.1,1,22.476747
0.2,1,22.488748
0.29,1,22.500746
0.295,1,22.51377
-0.135,1,22.525759
0.77,1,22.54075
-0.055,1,22.554749
0.375,1,22.569266
0.5,1,22.580263
0.13,1,22.590264
0.19,1,22.603264
0.02,1,22.614265
0.525,1,22.625264
0.285,1,22.634263
0.74,1,22.644264
0.485,1,22.654263
0.32,1,22.665279
-0.04,1,22.677268
0.025,1,22.689266
0.225,1,22.701264
-0.2,1,22.713263
0.53,1,22.725261
0.165,1,22.736263
0.42,1,22.747262
-0.12,1,22.758261
0.51,1,22.769266
0.555,1,22.779263
0.355,1,22.789265
0.44,1,22.800265
0.215,1,22.812266
0.39,1,22.822263
0.195,1,22.832266
0.325,1,22.843265
0.07,1,22.853265
0.04,1,22.864265
0.015,1,22.874265
-0.015,1,22.885494
0.15,1,22.896282
-0.26,1,22.907264
-0.335,1,22.918263
0.085,1,22.928263
0.435,1,22.939265
-0.195,1,22.950264
0.425,1,22.960384
0.63,1,22.971957
0.72,1,22.981913
-0.07,1,22.992911
-0.155,1,23.003911
0.31,1,23.015909
0.375,1,23.026911
0.23,1,23.03791
-0.17,1,23.04791
0.155,1,23.05891
0.525,1,23.069911
-0.075,1,23.080503
0.645,1,23.090503
0.19,1,23.100504
0.22,1,23.110503
0.175,1,23.121504
0.185,1,23.133504
0.425,1,23.145504
0.33,1,23.156503
-0.13,1,23.168835
-0.065,1,23.1815
-0.01,1,23.194021
0.595,1,23.207021
0.305,1,23.218021
0.445,1,23.230022
0.475,1,23.242021
0.07,1,23.25229
-0.305,1,23.263791
0.4,1,23.273843
0.315,1,23.285501
-0.24,1,23.295378
0.375,1,23.306378
0.14,1,23.317378
0.435,1,23.328378
-0.155,1,23.339383
-0.08,1,23.349378
0.43,1,23.359379
0.19,1,23.763026
-0.12,1,23.776023
0.01,1,23.787776
0.205,1,23.800793
0.475,1,23.813779
-0.03,1,23.824775
0.395,1,23.836778
0.36,1,23.846805
0.17,1,23.857778
0.6,1,23.868828
-0.17,1,23.879753
0.575,1,23.890751
0.375,1,23.900754
0.365,1,23.911751
-0.385,1,23.923832
0.565,1,23.934752
0.495,1,23.94675
0.305,1,23.958753
0.55,1,23.969752
0.08,1,23.979752
0.495,1,23.990755
0.055,1,24.000754
0.295,1,24.010752
0.16,1,24.02175
0.225,1,24.032754
0.28,1,24.044752
0.645,1,24.055753
0.045,1,24.067752
0.655,1,24.078786
-0.33,1,24.088764
0.665,1,24.099764
0.375,1,24.110765
0.08,1,24.121764
0.255,1,24.132764
0.345,1,24.143765
0.56,1,24.154762
-0.05,1,24.167766
0.29,1,24.17883
0.305,1,24.189825
0.035,1,24.200835
0.26,1,24.212834
0.135,1,24.223811
-0.275,1,24.236355
0.155,1,24.249869
0.06,1,24.260466
-0.05,1,24.273464
0.51,1,24.285501
0.34,1,24.297444
0.21,1,24.308461
0.36,1,24.320463
0.24,1,24.331439
0.82,1,24.343462
0.5,1,24.354463
0.525,1,24.365437
0.18,1,24.376436
0.59,1,24.39002
-0.155,1,24.402182
0.29,1,24.411995
0.475,1,24.423031
-0.015,1,24.435023
0.475,1,24.44603
0.18,1,24.45803
0.185,1,24.470021
0.54,1,24.480998
0.31,1,24.491996
0.01,1,24.502176
-0.06,1,24.513008
0.615,1,24.524994
0.19,1,24.536997
0.525,1,24.545997
0.05,1,24.558021
-0.155,1,24.57003
0.615,1,24.581032
-0.17,1,24.592024
0.035,1,24.602997
0.04,1,24.613994
0.655,1,24.62603
0.565,1,24.638033
0.16,1,24.648998
0.825,1,24.661024
0.32,1,24.673033
0.555,1,24.685021
0.325,1,24.695997
-0.07,1,24.707023
0.295,1,24.719998
0.18,1,24.730996
-0.15,1,24.741997
0.175,1,24.754997
0.61,1,24.765998
0.59,1,24.77702
0.06,1,24.790023
-0.17,1,24.802184
0.8,1,24.813022
0.215,1,24.825024
0.66,1,24.838031
0.185,1,24.850996
-0.045,1,24.862996
0.04,1,24.876
0.2,1,24.889002
0.65,1,24.899994
0.235,1,24.913002
0.435,1,24.925994
0.535,1,24.939998
0.675,1,24.952996
0.375,1,24.964996
-0.015,1,24.974996
0.18,1,24.986999
0.68,1,24.998996
0.3,1,25.009997
0.635,1,25.02303
0.335,1,25.034033
-0.035,1,25.044997
-0.21,1,25.058022
-0.0,1,25.0717
0.545,1,25.084547
0.2,1,25.097587
0.25,1,25.111548
0.23,1,25.124583
0.19,1,25.136567
0.115,1,25.150548
0.42,1,25.163552
0.255,1,25.176567
0.21,1,25.18955
-0.025,1,25.201549
0.065,1,25.214551
0.4,1,25.22655
0.095,1,25.239548
0.08,1,25.250553
0.19,1,25.700422
0.105,1,25.713422
0.385,1,25.725419
0.485,1,25.737418
0.155,1,25.74842
0.225,1,25.760416
0.345,1,25.772418
0.3,1,25.783419
0.025,1,25.794432
0.68,1,25.807419
0.105,1,25.81742
0.425,1,25.827417
0.195,1,25.83942
0.445,1,25.85042
0.76,1,25.860417
-0.01,1,25.872419
0.2,1,25.883422
0.165,1,25.895422
0.76,1,25.908422
0.385,1,25.92142
0.1,1,25.932422
0.375,1,25.944421
0.305,1,25.956434
0.745,1,25.970423
0.49,1,25.983417
-0.065,1,25.995433
0.425,1,26.00642
0.425,1,26.01743
0.32,1,26.02942
0.64,1,26.039417
0.485,1,26.048421
-0.005,1,26.059417
0.575,1,26.069421
0.18,1,26.07942
0.54,1,26.091418
0.535,1,26.10142
0.735,1,26.111419
0.24,1,26.122419
0.515,1,26.132419
0.265,1,26.14342
0.355,1,26.155419
0.4,1,26.165419
0.755,1,26.175419
-0.085,1,26.186419
0.55,1,26.197419
0.36,1,26.209432
0.305,1,26.219834
0.63,1,26.230449
0.31,1,26.240439
0.485,1,26.251438
0.375,1,26.262439
0.51,1,26.272438
0.7,1,26.283442
0.195,1,26.294439
0.51,1,26.306453
0.52,1,26.317438
0.1,1,26.327439
0.505,1,26.337439
0.28,1,26.347438
0.245,1,26.36044
0.385,1,26.372439
0.72,1,26.384438
0.2,1,26.397438
0.645,1,26.408439
0.15,1,26.420438
0.1,1,26.429436
0.46,1,26.441437
-0.245,1,26.453436
0.31,1,26.465451
0.45,1,26.476454
0.59,1,26.48644
0.125,1,26.498439
0.6,1,26.508439
0.245,1,26.520438
0.315,1,26.531439
0.5,1,26.543438
0.05,1,26.554438
0.515,1,26.565438
0.335,1,26.576438
0.55,1,26.587441
0.095,1,26.598439
0.165,1,26.609464
0.33,1,26.621439
0.365,1,26.632439
-0.07,1,26.643438
-0.14,1,26.654441
0.365,1,26.66444
0.375,1,26.675438
0.015,1,26.686439
0.26,1,26.697439
0.56,1,26.708439
0.6,1,26.718439
-0.41,1,26.730437
0.685,1,26.740441
0.66,1,26.752438
0.715,1,26.761439
0.615,1,26.773438
0.18,1,26.78551
0.62,1,26.796438
0.375,1,26.807438
0.3,1,26.817439
-0.01,1,26.829441
-0.02,1,26.842437
0.46,1,26.853438
0.52,1,26.864456
0.44,1,26.876438
0.56,1,26.886439
0.42,1,26.898437
0.745,1,26.910437
0.18,1,26.923441
0.22,1,26.937439
0.665,1,26.950438
0.21,1,26.965453
0.245,1,26.979439
0.51,1,26.992442
-0.025,1,27.003449
0.025,1,27.014441
0.0,1,27.025447
0.66,1,27.03645
0.225,1,27.047444
0.545,1,27.058442
0.37,1,27.070445
0.345,1,27.082472
0.05,1,27.095454
0.31,1,27.106445
0.52,1,27.115451
0.65,1,27.124449
0.51,1,27.132465
0.645,1,27.515196
0.265,1,27.5262
0.39,1,27.537212
0.445,1,27.549199
0.285,1,27.559199
0.565,1,27.570199
0.425,1,27.580199
0.55,1,27.592198
0.54,1,27.602213
0.765,1,27.6132
0.095,1,27.625199
0.5,1,27.637198
0.43,1,27.648198
0.77,1,27.659202
0.52,1,27.670198
-0.11,1,27.681198
0.365,1,27.692199
0.61,1,27.703198
0.13,1,27.713198
0.435,1,27.725201
0.175,1,27.736198
0.06,1,27.746197
0.575,1,27.757198
0.525,1,27.769199
0.33,1,27.779199
0.35,1,27.790199
0.025,1,27.801198
0.48,1,27.812208
0.395,1,27.824198
0.53,1,27.8355
0.07,1,27.846198
-0.155,1,27.857198
0.32,1,27.868198
0.65,1,27.879199
0.5,1,27.890209
0.37,1,27.900198
0.58,1,27.910199
0.28,1,27.921198
-0.33,1,27.931198
0.51,1,27.942198
0.405,1,27.953198
0.22,1,27.963199
0.405,1,27.974198
0.52,1,27.985503
-0.215,1,27.996198
0.18,1,28.007198
0.165,1,28.020199
-0.19,1,28.031198
0.465,1,28.042199
0.71,1,28.055198
0.49,1,28.067198
0.34,1,28.079196
0.46,1,28.090196
0.62,1,28.103198
0.37,1,28.115199
0.24,1,28.1262
0.51,1,28.138201
0.205,1,28.150199
0.665,1,28.162199
0.245,1,28.1742
0.28,1,28.1842
0.17,1,28.195203
0.235,1,28.207203
0.535,1,28.218199
0.085,1,28.228199
-0.04,1,28.238198
0.58,1,28.248198
0.055,1,28.258198
0.77,1,28.269199
0.17,1,28.281204
0.365,1,28.292201
0.81,1,28.304199
0.285,1,28.315198
0.185,1,28.326198
0.35,1,28.3362
0.57,1,28.346198
0.295,1,28.357198
0.475,1,28.367198
0.615,1,28.378199
0.73,1,28.388199
0.74,1,28.398198
0.515,1,28.409199
0.21,1,28.420198
0.405,1,28.430199
0.52,1,28.441198
0.775,1,28.453201
0.5,1,28.463237
0.3,1,28.475198
0.43,1,28.487199
-0.015,1,28.500198
0.135,1,28.511232
0.56,1,28.523235
0.13,1,28.534227
0.235,1,28.545224
0.11,1,28.556225
0.435,1,28.567235
0.12,1,28.579196
0.075,1,28.592199
0.87,1,28.605232
0.465,1,28.616231
0.35,1,28.6292
0.435,1,28.6422
0.165,1,28.653224
0.04,1,28.664223
0.645,1,28.674245
0.3,1,28.686212
0.165,1,28.696219
0.805,1,28.708222
0.64,1,28.719213
0.52,1,28.731231
0.1,1,28.742213
0.39,1,28.754231
0.45,1,28.765197
0.035,1,28.776197
0.785,1,28.787231
0.675,1,28.799199
0.255,1,28.811197
0.22,1,28.823196
0.51,1,28.835485
0.305,1,28.847201
0.59,1,28.8592
0.545,1,28.8702
0.705,1,28.880236
0.075,1,28.893198
0.21,1,28.904223
0.04,1,28.916744
0.65,1,28.928447
0.275,1,28.939919
0.58,1,29.370914
0.2,1,29.381912
0.175,1,29.393916
0.065,1,29.404914
0.58,1,29.413914
0.255,1,29.424914
0.575,1,29.435915
0.495,1,29.446917
0.655,1,29.457914
0.395,1,29.468913
-0.205,1,29.479916
0.44,1,29.489914
0.37,1,29.499915
0.52,1,29.509914
0.445,1,29.520914
0.47,1,29.531913
0.725,1,29.541914
0.415,1,29.553914
0.515,1,29.563916
0.05,1,29.574914
0.435,1,29.585913
0.475,1,29.596914
0.37,1,29.606913
0.825,1,29.618913
0.625,1,29.629914
0.595,1,29.640913
0.745,1,29.649913
0.4,1,29.661915
0.285,1,29.671916
0.41,1,29.682913
0.07,1,29.692913
-0.305,1,29.703913
0.46,1,29.713914
0.3,1,29.724914
0.405,1,29.735914
0.585,1,29.746913
0.43,1,29.756913
0.515,1,29.767914
0.435,1,29.77792
0.455,1,29.789914
0.15,1,29.799914
0.83,1,29.809933
0.465,1,29.821914
0.385,1,29.831928
0.675,1,29.842915
0.515,1,29.853916
0.4,1,29.865914
0.705,1,29.876927
0.62,1,29.886916
0.42,1,29.896914
0.615,1,29.907915
0.445,1,29.918913
0.345,1,29.929914
0.625,1,29.939914
0.375,1,29.952154
0.53,1,29.962915
0.595,1,29.974914
0.19,1,29.98591
0.33,1,29.996914
0.635,1,30.008913
0.355,1,30.020914
0.335,1,30.031914
0.245,1,30.041914
0.805,1,30.052915
0.575,1,30.064912
0.27,1,30.075914
0.26,1,30.087916
0.14,1,30.100912
0.635,1,30.112911
0.835,1,30.122914
0.355,1,30.133914
0.235,1,30.144913
0.535,1,30.155914
0.21,1,30.166913
0.62,1,30.176923
0.7,1,30.186911
0.13,1,30.198914
0.34,1,30.211913
0.36,1,30.221914
0.445,1,30.231914
0.4,1,30.242916
0.36,1,30.254914
0.545,1,30.265914
0.48,1,30.275913
0.165,1,30.287914
0.655,1,30.299912
0.63,1,30.311917
0.43,1,30.322914
0.69,1,30.335919
0.42,1,30.347915
-0.075,1,30.360914
0.545,1,30.372927
0.38,1,30.383912
0.415,1,30.394914
0.145,1,30.406911
0.37,1,30.418912
0.18,1,30.431913
0.275,1,30.440932
0.69,1,30.452916
0.735,1,30.461914
0.495,1,30.471914
0.26,1,30.481914
0.615,1,30.493918
0.63,1,30.504914
0.725,1,30.517343
0.095,1,30.528514
0.63,1,30.539182
0.365,1,30.550181
0.565,1,30.561182
0.19,1,30.572182
-0.08,1,30.583182
0.495,1,30.595182
0.32,1,30.606183
0.645,1,30.616181
-0.06,1,30.626182
0.79,1,30.637182
0.41,1,30.648182
0.73,1,30.66018
0.18,1,30.671182
0.555,1,30.683182
0.335,1,30.695182
0.81,1,30.706182
0.535,1,30.717182
0.405,1,30.728182
0.645,1,30.739182
0.715,1,30.749182
0.53,1,30.760183
0.54,1,30.77119
0.81,1,31.176184
0.585,1,31.189184
0.835,1,31.200194
0.7,1,31.213182
0.21,1,31.223182
0.37,1,31.235465
0.515,1,31.246822
0.315,1,31.258325
0.58,1,31.269846
0.375,1,31.280845
0.535,1,31.291845
0.735,1,31.303844
0.57,1,31.315845
0.825,1,31.327845
0.54,1,31.339843
0.335,1,31.350846
0.82,1,31.363842
0.605,1,31.376844
0.46,1,31.387843
0.57,1,31.399847
0.68,1,31.413844
0.35,1,31.423848
0.605,1,31.436865
0.33,1,31.448845
0.61,1,31.461847
0.615,1,31.474397
0.525,1,31.485427
0.615,1,31.496404
0.14,1,31.506399
0.43,1,31.516399
0.69,1,31.526398
0.37,1,31.535423
0.435,1,31.546399
0.145,1,31.5564
0.835,1,31.566399
0.325,1,31.577399
0.38,1,31.587423
0.77,1,31.597399
0.83,1,31.608415
0.83,1,31.621399
0.285,1,31.631399
0.44,1,31.643414
0.56,1,31.654399
0.365,1,31.665399
0.305,1,31.675412
0.48,1,31.685448
0.83,1,31.696398
0.695,1,31.707397
0.33,1,31.718399
0.48,1,31.729401
0.515,1,31.741398
0.425,1,31.752399
0.555,1,31.764399
0.175,1,31.7764
0.525,1,31.786399
0.86,1,31.798399
0.735,1,31.811395
0.335,1,31.822397
0.31,1,31.832399
0.18,1,31.843399
0.435,1,31.854401
0.475,1,31.865397
0.58,1,31.877399
0.595,1,31.888302
0.525,1,31.900292
0.565,1,31.912301
0.38,1,31.924294
0.65,1,31.937294
0.635,1,31.950294
0.4,1,31.963294
0.445,1,31.974294
0.685,1,31.988304
0.365,1,32.000294
0.57,1,32.013296
0.79,1,32.025291
0.795,1,32.036295
0.3,1,32.047292
0.395,1,32.059306
0.625,1,32.069292
0.78,1,32.07929
0.25,1,32.090291
0.495,1,32.101291
0.525,1,32.112291
0.805,1,32.124292
0.575,1,32.133291
0.585,1,32.145293
0.58,1,32.158292
0.64,1,32.170292
0.865,1,32.182292
0.595,1,32.193291
0.43,1,32.205292
0.785,1,32.21629
0.505,1,32.227292
0.185,1,32.239306
0.395,1,32.251312
0.235,1,32.263296
0.745,1,32.274292
0.735,1,32.286292
0.34,1,32.296301
0.7,1,32.308293
0.595,1,32.319293
0.365,1,32.331292
0.465,1,32.344292
0.5,1,32.355292
0.91,1,32.365841
0.62,1,32.377811
0.505,1,32.388811
0.47,1,32.39981
0.625,1,32.411811
0.755,1,32.422811
0.515,1,32.433812
0.075,1,32.446812
0.23,1,32.458809
0.49,1,32.47081
0.53,1,32.480811
0.715,1,32.493811
0.535,1,32.505827
0.305,1,32.517812
0.565,1,32.530814
0.575,1,32.541813
0.29,1,32.552814
0.44,1,32.563813
0.68,1,32.575811
0.755,1,32.587811
0.275,1,32.597811
0.53,1,32.607813
0.42,1,32.619814
0.675,1,32.630812
0.74,1,33.041812
0.335,1,33.053811
0.105,1,33.065815
0.59,1,33.075811
0.85,1,33.086811
0.205,1,33.097812
0.67,1,33.107811
0.44,1,33.117811
0.535,1,33.128811
0.66,1,33.139815
0.295,1,33.150811
0.73,1,33.162812
0.58,1,33.173809
0.69,1,33.185815
0.575,1,33.196809
0.51,1,33.208811
0.515,1,33.219809
0.655,1,33.23081
0.82,1,33.24174
0.41,1,33.253307
0.46,1,33.264055
0.855,1,33.275054
0.205,1,33.287054
0.585,1,33.300054
0.46,1,33.31106
0.89,1,33.323054
0.715,1,33.335054
0.395,1,33.347056
0.625,1,33.360057
0.69,1,33.372054
0.665,1,33.383054
0.67,1,33.395051
0.45,1,33.408054
0.64,1,33.419058
0.67,1,33.430054
0.625,1,33.442054
0.225,1,33.454054
0.59,1,33.465054
0.245,1,33.475054
0.725,1,33.486054
0.525,1,33.498053
0.585,1,33.509054
0.735,1,33.521054
0.365,1,33.531054
0.46,1,33.542054
0.35,1,33.553054
0.51,1,33.565052
0.81,1,33.576053
0.455,1,33.588054
0.84,1,33.600056
0.635,1,33.613053
0.795,1,33.625057
0.755,1,33.638052
0.52,1,33.650056
0.305,1,33.662052
0.75,1,33.673056
0.74,1,33.682055
0.695,1,33.694054
0.885,1,33.703054
0.655,1,33.714053
0.81,1,33.725054
0.415,1,33.736054
0.52,1,33.747054
0.835,1,33.758054
0.705,1,33.769055
0.215,1,33.780054
0.74,1,33.79007
0.48,1,33.802117
0.82,1,33.813054
0.9,1,33.826054
0.835,1,33.839057
0.385,1,33.851054
0.615,1,33.862066
0.4,1,33.874054
0.26,1,33.885052
0.61,1,33.896066
0.815,1,33.908054
0.8,1,33.920054
0.385,1,33.931053
0.75,1,33.943054
0.795,1,33.954054
0.69,1,33.964054
0.71,1,33.975054
0.895,1,33.987052
0.195,1,33.997054
0.755,1,34.008054
0.38,1,34.020054
0.05,1,34.031054
0.515,1,34.042054
0.755,1,34.053054
0.605,1,34.063056
0.72,1,34.074053
0.485,1,34.085053
0.595,1,34.095054
0.3,1,34.106054
0.19,1,34.115052
0.26,1,34.12609
0.28,1,34.137055
0.635,1,34.149055
0.64,1,34.160054
0.55,1,34.171087
0.665,1,34.182056
0.755,1,34.194053
0.485,1,34.205054
0.655,1,34.217054
0.655,1,34.229055
0.15,1,34.242087
0.395,1,34.253087
0.215,1,34.264088
0.84,1,34.275089
0.45,1,34.287079
0.29,1,34.297055
0.39,1,34.309055
0.38,1,34.322054
0.705,1,34.33409
0.74,1,34.347054
0.395,1,34.361058
0.48,1,34.373089
0.375,1,34.385088
0.535,1,34.396051
0.71,1,34.407053
0.655,1,34.420594
0.625,1,34.432263
0.58,1,34.444419
0.015,1,34.458012
0.675,1,34.470012
0.81,1,34.48098
0.63,1,34.492981
0.545,1,34.904979
0.645,1,34.914978
0.68,1,34.924981
0.66,1,34.935991
0.55,1,34.945981
0.73,1,34.957978
0.69,1,34.96898
0.69,1,34.980979
0.485,1,34.991976
0.9,1,35.003976
0.755,1,35.014979
0.42,1,35.02698
0.61,1,35.037979
0.545,1,35.047979
0.295,1,35.057979
0.81,1,35.069977
0.66,1,35.079976
0.685,1,35.090981
0.39,1,35.102979
0.885,1,35.113981
0.83,1,35.123979
0.675,1,35.135979
0.91,1,35.145981
0.685,1,35.158978
0.55,1,35.16998
0.42,1,35.180977
0.83,1,35.190977
0.885,1,35.19998
0.71,1,35.209993
0.66,1,35.220978
0.265,1,35.230978
0.595,1,35.241976
0.82,1,35.252978
0.495,1,35.263978
0.68,1,35.273978
0.6,1,35.284979
0.71,1,35.29699
0.685,1,35.30898
0.79,1,35.319978
0.41,1,35.330978
0.77,1,35.34198
0.695,1,35.353978
0.87,1,35.364978
0.78,1,35.377982
0.555,1,35.389976
0.61,1,35.402152
0.68,1,35.41198
0.22,1,35.422978
0.545,1,35.433978
0.78,1,35.445979
0.675,1,35.456978
0.855,1,35.467978
0.78,1,35.479009
0.42,1,35.489997
0.725,1,35.502169
0.71,1,35.512978
0.55,1,35.523978
0.67,1,35.535978
0.675,1,35.548984
0.64,1,35.559976
0.435,1,35.570999
0.755,1,35.581979
0.305,1,35.592978
0.575,1,35.604978
0.85,1,35.615978
0.725,1,35.625978
0.56,1,35.637978
0.735,1,35.649977
0.785,1,35.66198
0.75,1,35.672978
0.78,1,35.683978
0.525,1,35.695978
0.71,1,35.70698
0.665,1,35.718979
0.68,1,35.730978
0.6,1,35.741979
0.79,1,35.753978
0.6,1,35.768977
0.775,1,35.780977
0.47,1,35.791984
0.87,1,35.804979
0.64,1,35.819981
0.71,1,35.83198
0.535,1,35.843996
